,AbilityResourceMax,AbilityResourceRegenPerSecond,AirDashDistanceInMeters,AirDashDuration,AirDashSpeed,BaseHealthRegen,BaseWeaponDamageIncrease,BoundAbilities,CritDamageBonusPercent,CritDamageReceivedPercent,CrouchSpeed,GroundDashDistanceInMeters,GroundDashDuration,GroundDashSpeed,HeavyMeleeDamage,HeroBulletLifestealEffectiveness,HeroSpiritLifestealEffectiveness,InDevelopment,InHeroLabs,IsDisabled,IsRecommended,IsSelectable,LevelScaling,LightMeleeDamage,Lore,MaxHealth,MaxMoveSpeed,MoveAcceleration,Name,OOCHealthRegen,Playstyle,ProcBuildUpRateScale,ReloadSpeed,Role,SpiritScaling,SprintSpeed,Stamina,StaminaCooldown,StaminaRegenPerSecond,TechDuration,TechRange,Type,WeaponPowerScale,Weapon,MeleeResist,TechResist,BulletLifesteal,DebuffResist
hero_artist,0,0,8.0,0.47,17.0,2.0,0,{},0.0,0.0,4.75,10.0,0.68,14.7,116,1.0,1.0,False,False,False,False,True,"{'BulletDamage': 0.55, 'MaxHealth': 34.0, 'PowerIncreases': 1, 'TechPower': 1.1, 'LightMeleeDamage': 1.2, 'HeavyMeleeDamage': 2.784}",50,hero_artist_lore,780.0,7.2,4,Violet,0,hero_artist_playstyle,1,0,hero_artist_role,{},1.6,3,4.5000045000045,0.222222,0,0,,1,,,,,
hero_astro,0,0,8.0,0.43,18.6,2.0,0,"{'1': {'Name': 'Powder Keg', 'Key': 'ability_explosive_barrel'}, '2': {'Name': 'Bounce Pad', 'Key': 'ability_bounce_pad'}, '3': {'Name': 'Crackshot', 'Key': 'ability_crackshot'}, '4': {'Name': 'Spirit Lasso', 'Key': 'ability_gravity_lasso'}}",0.0,0.0,4.75,10.0,0.62,16.1,116,1.0,1.0,False,False,False,False,True,"{'BulletDamage': 1.144, 'MaxHealth': 43.0, 'PowerIncreases': 1, 'TechPower': 1.1, 'LightMeleeDamage': 1.58, 'HeavyMeleeDamage': 3.6656}",50,hero_astro_lore,780.0,8.2,4,Holliday,0,hero_astro_playstyle,1,0,hero_astro_role,{},1.6,2,4.5000045000045,0.222222,0,0,Marksman,1,"{'WeaponTypes': ['Attribute_EWeaponAttribute_MediumRange', 'Attribute_EWeaponAttribute_HeavyHitter']}",,,,
hero_atlas,0,0,8.0,0.51,15.7,1.5,0,"{'1': {'Name': 'Siphon Life', 'Key': 'citadel_ability_bull_heal'}, '2': {'Name': 'Shoulder Charge', 'Key': 'citadel_ability_bull_charge'}, '3': {'Name': 'Infernal Resilience', 'Key': 'citadel_ability_passive_beefy'}, '4': {'Name': 'Seismic Impact', 'Key': 'citadel_ability_bull_leap'}}",0.0,0.0,4.75,10.0,0.72,13.9,116,1.0,1.0,False,False,False,False,True,"{'BulletDamage': 0.1, 'MaxHealth': 49.0, 'PowerIncreases': 1, 'TechPower': 1.1, 'LightMeleeDamage': 1.738, 'HeavyMeleeDamage': 4.0322}",50,hero_atlas_lore,800.0,6.4,4,Abrams,0,hero_atlas_playstyle,1,0,hero_atlas_role,{},1.6,3,4.5000045000045,0.222222,0,0,Brawler,1,"{'WeaponTypes': ['Attribute_EWeaponAttribute_Spreadshot', 'Attribute_EWeaponAttribute_CloseRange']}",,,,
hero_baba,0,0,8.0,0.47,17.0,2.0,0,{},0.0,0.0,4.75,10.0,0.68,14.7,116,1.0,1.0,False,False,False,False,True,"{'BulletDamage': 0.41, 'MaxHealth': 45.0, 'PowerIncreases': 1, 'TechPower': 1.1, 'LightMeleeDamage': 0.8, 'HeavyMeleeDamage': 1.856}",50,hero_baba_lore,780.0,7.2,4,Baba,0,hero_baba_playstyle,1,0,hero_baba_role,{},1.6,3,4.5000045000045,0.222222,0,0,,1,,,,,
hero_bebop,0,0,8.0,0.51,15.7,2.5,0,"{'1': {'Name': 'Exploding Uppercut', 'Key': 'citadel_ability_uppercut'}, '2': {'Name': 'Sticky Bomb', 'Key': 'citadel_ability_sticky_bomb'}, '3': {'Name': 'Grapple Arm', 'Key': 'citadel_ability_hook'}, '4': {'Name': 'Hyper Beam', 'Key': 'citadel_ability_bebop_laser_beam'}}",0.0,0.0,4.75,10.0,0.72,13.9,116,1.0,1.0,False,False,False,False,True,"{'BulletDamage': 0.115, 'MaxHealth': 52.0, 'BonusAttackRange': 1.5, 'PowerIncreases': 1, 'BulletResist': 0.3, 'TechPower': 1.1, 'LightMeleeDamage': 1.58, 'HeavyMeleeDamage': 2.9092}",63,hero_bebop_lore,880.0,6.45,4,Bebop,0,hero_bebop_playstyle,1,0,hero_bebop_role,{},4.0,3,5.5000055000055,0.181818,0,0,Brawler,1,"{'WeaponTypes': ['Attribute_EWeaponAttribute_BeamWeapon', 'Attribute_EWeaponAttribute_MediumRange']}",,,,
hero_boho,0,0,8.0,0.47,17.0,2.0,0,"{'1': {'Name': None, 'Key': 'ability_boho_skipgrenade'}, '2': {'Name': None, 'Key': 'ability_boho_ability02'}, '3': {'Name': None, 'Key': 'ability_boho_ability03'}, '4': {'Name': None, 'Key': 'ability_boho_ridebroom'}}",0.0,0.0,4.75,10.0,0.68,14.7,116,1.0,1.0,True,False,True,False,True,"{'BulletDamage': 0.495, 'MaxHealth': 62.0, 'PowerIncreases': 1, 'TechPower': 1.1, 'LightMeleeDamage': 1.58, 'HeavyMeleeDamage': 3.6656}",50,hero_boho_lore,705.0,8.0,4,Boho,0,hero_boho_playstyle,1,0,hero_boho_role,{},1.6,3,4.5000045000045,0.222222,0,0,,1,"{'WeaponTypes': ['Attribute_EWeaponAttribute_RapidFire', 'Attribute_EWeaponAttribute_LongRange']}",,,,
hero_bomber,0,0,8.0,0.47,17.0,2.0,0,"{'1': {'Name': None, 'Key': 'ability_charged_bomb'}, '2': {'Name': None, 'Key': 'ability_bomber_ability02'}, '3': {'Name': None, 'Key': 'ability_bomber_ability03'}, '4': {'Name': None, 'Key': 'ability_bomber_ult'}}",0.0,0.0,4.75,10.0,0.68,14.7,116,1.0,1.0,True,False,True,False,True,"{'BulletDamage': 0.077, 'MaxHealth': 63.0, 'PowerIncreases': 1, 'TechPower': 1.1, 'LightMeleeDamage': 1.58, 'HeavyMeleeDamage': 3.6656}",50,hero_bomber_lore,780.0,7.2,4,Bomber,0,hero_bomber_playstyle,1,0,hero_bomber_role,{},1.6,3,4.5000045000045,0.222222,0,0,,1,,,,,
hero_bookworm,0,0,8.0,0.51,15.7,2.0,0,"{'1': {'Name': 'Bookwyrm', 'Key': 'ability_bookworm_dragonfire'}, '2': {'Name': 'Plot Armor', 'Key': 'ability_bookworm_knightbarrier'}, '3': {'Name': 'Captivating Read', 'Key': 'ability_bookworm_aoemagic'}, '4': {'Name': 'Rallying Charge', 'Key': 'ability_bookworm_knightcharge'}}",0.0,0.0,4.75,10.0,0.72,13.9,120.0,1.0,1.0,False,False,False,False,True,"{'BulletDamage': 0.52, 'MaxHealth': 31.0, 'PowerIncreases': 1, 'TechPower': 1.1, 'LightMeleeDamage': 1.2, 'HeavyMeleeDamage': 3.4286}",42.0,hero_bookworm_lore,680.0,6.9,4,Paige,0,hero_bookworm_playstyle,1,0,hero_bookworm_role,{'HeavyMeleeDamage': 0.45},3.5,3,4.5000045000045,0.222222,0,0,Mystic,1,"{'WeaponTypes': ['Attribute_EWeaponAttribute_RapidFire', 'Attribute_EWeaponAttribute_LongRange']}",,,,
hero_cadence,0,0,8.0,0.47,17.0,2.0,0,"{'1': {'Name': 'Anthem', 'Key': 'cadence_ability_anthem'}, '2': {'Name': 'Silence Contraptions', 'Key': 'cadence_ability_silencecontraptions'}, '3': {'Name': 'Lullaby', 'Key': 'cadence_ability_lullaby'}, '4': {'Name': 'Crescendo', 'Key': 'cadence_ability_crescendo'}}",0.0,0.0,4.75,10.0,0.68,14.7,116,1.0,1.0,True,False,True,False,True,"{'MaxHealth': 63.0, 'PowerIncreases': 1, 'TechPower': 1.1, 'LightMeleeDamage': 1.58, 'HeavyMeleeDamage': 3.6656}",50,hero_cadence_lore,830.0,7.2,4,Cadence,0,hero_cadence_playstyle,1,0,hero_cadence_role,{},1.6,3,4.5000045000045,0.222222,0,0,,1,,,,,
hero_chessmaster,0,0,8.0,0.47,17.0,2.0,0,{},0.0,0.0,4.75,10.0,0.68,14.7,116,1.0,1.0,False,False,False,False,True,"{'BulletDamage': 0.4, 'MaxHealth': 38.0, 'PowerIncreases': 1, 'TechPower': 1.1, 'LightMeleeDamage': 1.58, 'HeavyMeleeDamage': 3.6656}",50,hero_chessmaster_lore,780.0,7.2,4,Solomon,0,hero_chessmaster_playstyle,1,0,hero_chessmaster_role,{},1.6,3,4.5000045000045,0.222222,0,0,,1,,,,,
hero_chrono,0,0,8.0,0.43,18.6,1.0,0,"{'1': {'Name': 'Pulse Grenade', 'Key': 'citadel_ability_chrono_pulse_grenade'}, '2': {'Name': 'Time Wall', 'Key': 'citadel_ability_chrono_time_wall'}, '3': {'Name': 'Kinetic Carbine', 'Key': 'citadel_ability_chrono_kinetic_carbine'}, '4': {'Name': 'Paradoxical Swap', 'Key': 'citadel_ability_chrono_swap'}}",0.0,0.0,4.75,10.0,0.62,16.1,116,1.0,1.0,False,False,False,False,True,"{'BulletDamage': 0.26, 'MaxHealth': 46.0, 'PowerIncreases': 1, 'TechPower': 1.1, 'LightMeleeDamage': 1.58, 'HeavyMeleeDamage': 3.6656}",50,hero_chrono_lore,730.0,6.7,4,Paradox,0,hero_chrono_playstyle,1,0,hero_chrono_role,{},1.6,3,4.5000045000045,0.222222,0,0,Marksman,1,"{'WeaponTypes': ['Attribute_EWeaponAttribute_BurstFire', 'Attribute_EWeaponAttribute_MediumRange']}",,,,
hero_deadpack,0,0,8.0,0.47,17.0,2.0,0,{},0.0,0.0,4.75,10.0,0.68,14.7,116,1.0,1.0,False,False,False,False,True,"{'BulletDamage': 0.42, 'BulletDamageAltFire': 1.6, 'MaxHealth': 39.0, 'PowerIncreases': 1, 'TechPower': 1.1, 'LightMeleeDamage': 1.58, 'HeavyMeleeDamage': 3.6656}",50,hero_deadpack_lore,780.0,7.2,4,Deadman Danny,0,hero_deadpack_playstyle,1,0,hero_deadpack_role,{},1.6,3,4.5000045000045,0.222222,0,0,,1,,,,,
hero_doorman,0,0,8.0,0.43,18.6,1.0,0,"{'1': {'Name': 'Call Bell', 'Key': 'ability_doorman_bomb'}, '2': {'Name': 'Doorway', 'Key': 'ability_doorman_doorway'}, '3': {'Name': 'Luggage Cart', 'Key': 'ability_doorman_luggage_cart'}, '4': {'Name': 'Hotel Guest', 'Key': 'ability_doorman_hotel'}}",-30.0,0.0,4.75,10.0,0.62,16.1,116,1.0,1.0,False,False,False,False,True,"{'BulletDamage': 1.25, 'MaxHealth': 42.0, 'PowerIncreases': 1, 'TechPower': 1.1, 'LightMeleeDamage': 1.58, 'HeavyMeleeDamage': 3.6656}",50,hero_doorman_lore,755.0,7.9,4,The Doorman,0,hero_doorman_playstyle,1,0,hero_doorman_role,{},1.6,3,4.5000045000045,0.222222,0,0,Mystic,1,"{'WeaponTypes': ['Attribute_EWeaponAttribute_HeavyHitter', 'Attribute_EWeaponAttribute_MediumRange']}",,,,
hero_drifter,0,0,8.0,0.47,17.0,3.5,0,"{'1': {'Name': 'Rend', 'Key': 'drifter_blood_blast'}, '2': {'Name': ""Stalker's Mark"", 'Key': 'drifter_shadow_mark'}, '3': {'Name': 'Bloodscent', 'Key': 'ability_drifter_hunger'}, '4': {'Name': 'Eternal Night', 'Key': 'drifter_darkness'}}",-45.0,0.0,4.75,10.0,0.68,14.7,120,1.0,1.0,False,False,False,False,True,"{'BulletDamage': 0.49, 'MaxHealth': 41.0, 'PowerIncreases': 1, 'TechPower': 1.1, 'LightMeleeDamage': 1.58, 'HeavyMeleeDamage': 3.6816}",51.5,hero_drifter_lore,755.0,6.9,4,Drifter,0,hero_drifter_playstyle,1,0,hero_drifter_role,{},1.6,3,4.5000045000045,0.222222,0,0,Assassin,1,"{'WeaponTypes': ['Attribute_EWeaponAttribute_Spreadshot', 'Attribute_EWeaponAttribute_CloseRange']}",,,,
hero_druid,0,0,8.0,0.47,17.0,2.0,0,"{'1': {'Name': None, 'Key': 'ability_druid_leech_seed'}, '2': {'Name': None, 'Key': 'ability_druid_helicopter_seeds'}, '3': {'Name': None, 'Key': 'ability_druid_sprout'}, '4': {'Name': None, 'Key': 'ability_druid_ult'}}",0.0,0.0,4.75,10.0,0.68,14.7,116,1.0,1.0,True,False,True,False,True,"{'BulletDamage': 0.124929, 'MaxHealth': 41.0, 'PowerIncreases': 1, 'TechPower': 1.1, 'LightMeleeDamage': 1.58, 'HeavyMeleeDamage': 3.6656}",50,hero_druid_lore,780.0,7.2,4,Druid,0,hero_druid_playstyle,1,0,hero_druid_role,{},1.6,3,4.5000045000045,0.222222,0,0,,1,,,,,
hero_dynamo,0,0,8.0,0.51,15.7,1.75,0,"{'1': {'Name': 'Kinetic Pulse', 'Key': 'citadel_ability_stomp'}, '2': {'Name': 'Quantum Entanglement', 'Key': 'citadel_ability_void_sphere'}, '3': {'Name': 'Rejuvenating Aurora', 'Key': 'citadel_ability_nikuman'}, '4': {'Name': 'Singularity', 'Key': 'citadel_ability_self_vacuum'}}",0.0,0.0,4.75,10.0,0.72,13.9,116,1.0,1.0,False,False,False,False,True,"{'BulletDamage': 0.5, 'MaxHealth': 61.0, 'PowerIncreases': 1, 'BulletResist': 0.625, 'TechPower': 1.1, 'LightMeleeDamage': 1.58, 'HeavyMeleeDamage': 3.6656}",50,hero_dynamo_lore,880.0,6.7,4,Dynamo,0,hero_dynamo_playstyle,1,0,hero_dynamo_role,{},1.6,3,4.5000045000045,0.222222,0,0,Mystic,1,"{'WeaponTypes': ['Attribute_EWeaponAttribute_MediumRange', 'Attribute_EWeaponAttribute_HeavyHitter', 'Attribute_EWeaponAttribute_Projectile']}",,,,
hero_familiar,0,0,8.0,0.51,15.7,2.0,0,"{'1': {'Name': 'Pillow Toss', 'Key': 'ability_familiar_ability02'}, '2': {'Name': 'Tag Along', 'Key': 'ability_familiar_attach'}, '3': {'Name': 'Lil Helpers', 'Key': 'ability_familiar_helpinghands'}, '4': {'Name': 'Naptime', 'Key': 'ability_familiar_ability01'}}",-20.0,10.0,4.75,10.0,0.72,13.9,116,1.0,1.0,False,False,False,False,True,"{'BulletDamage': 0.34, 'MaxHealth': 28.0, 'PowerIncreases': 1, 'TechPower': 1.1, 'LightMeleeDamage': 1.58, 'HeavyMeleeDamage': 3.16}",58,hero_familiar_lore,680.0,7.2,4,Rem,0,hero_familiar_playstyle,1,0,hero_familiar_role,{},4.0,3.0,4.5000045000045,0.222222,0,0,,1,"{'WeaponTypes': ['Attribute_EWeaponAttribute_BurstFire', 'Attribute_EWeaponAttribute_MediumRange']}",-5.0,,,
hero_fencer,0,0,8.0,0.47,17.0,1.0,0,"{'1': {'Name': 'Disengaging Sigil', 'Key': 'ability_fencer_throwblade'}, '2': {'Name': 'Riposte', 'Key': 'ability_fencer_riposte'}, '3': {'Name': 'Flawless Advance', 'Key': 'ability_fencer_lunge'}, '4': {'Name': 'Itani Lo Sahn', 'Key': 'ability_fencer_ultimate'}}",0.0,0.0,4.75,10.0,0.68,14.7,116,1.0,1.0,False,False,False,False,True,"{'BulletDamage': 0.825, 'BulletDamageAltFire': 0.5, 'MaxHealth': 45.0, 'PowerIncreases': 1, 'TechPower': 1.1, 'LightMeleeDamage': 1.58, 'HeavyMeleeDamage': 2.9092}",63,hero_fencer_lore,770.0,7.2,4,Apollo,0,hero_fencer_playstyle,1,0,hero_fencer_role,{},1.6,3,4.5000045000045,0.222222,0,0,Assassin,1,"{'WeaponTypes': ['Attribute_EWeaponAttribute_MediumRange', 'Attribute_EWeaponAttribute_Projectile']}",,,,
hero_forge,0,0,8.0,0.47,17.0,2,0,"{'1': {'Name': 'Mini Turret', 'Key': 'citadel_ability_shieldedsentry'}, '2': {'Name': 'Medicinal Specter', 'Key': 'citadel_ability_mobile_resupply'}, '3': {'Name': 'Spectral Wall', 'Key': 'citadel_ability_fissure_wall'}, '4': {'Name': 'Heavy Barrage', 'Key': 'citadel_ability_rocket_barrage'}}",0.0,0.0,4.75,10.0,0.68,14.7,116,1.0,1.0,False,False,False,False,True,"{'BulletDamage': 0.171, 'MaxHealth': 52.0, 'PowerIncreases': 1, 'TechResist': 0.35, 'TechPower': 1.1, 'LightMeleeDamage': 1.58, 'HeavyMeleeDamage': 3.6656}",50,hero_forge_lore,780.0,6.7,4,McGinnis,0,hero_forge_playstyle,1,0,hero_forge_role,{},1.6,2,4.5000045000045,0.222222,0,0,Mystic,1,"{'WeaponTypes': ['Attribute_EWeaponAttribute_RapidFire', 'Attribute_EWeaponAttribute_MediumRange']}",,,,
hero_fortuna,0,0,8.0,0.47,17.0,2.0,0,"{'1': {'Name': None, 'Key': 'ability_fortuna_ability01'}, '2': {'Name': None, 'Key': 'ability_fortuna_ability02'}, '3': {'Name': None, 'Key': 'ability_fortuna_ability03'}, '4': {'Name': None, 'Key': 'ability_fortuna_ult'}}",0.0,0.0,4.75,10.0,0.68,14.7,116,1.0,1.0,True,False,True,False,True,"{'BulletDamage': 0.18, 'MaxHealth': 35.0, 'PowerIncreases': 1, 'TechPower': 1.1, 'LightMeleeDamage': 1.58, 'HeavyMeleeDamage': 3.6656}",50,hero_fortuna_lore,680.0,7.2,4,Fortuna,0,hero_fortuna_playstyle,1,0,hero_fortuna_role,{'SprintSpeed': 0.06},1.6,3,4.5000045000045,0.222222,0,0,,1,"{'WeaponTypes': ['Attribute_EWeaponAttribute_RapidFire', 'Attribute_EWeaponAttribute_MediumRange']}",,,,
hero_frank,0,0,8.0,0.51,15.7,1.5,0,"{'1': {'Name': 'Pain Battery', 'Key': 'ability_frank_shocktarget2'}, '2': {'Name': 'Jumpstart', 'Key': 'ability_frank_selfzap'}, '3': {'Name': 'Aura of Suffering', 'Key': 'ability_frank_painaura'}, '4': {'Name': 'Shocking Reanimation', 'Key': 'ability_frank_revive'}}",0.0,0.0,4.75,10.0,0.72,13.9,116,1.0,1.0,False,False,False,False,True,"{'BulletDamage': 0.26, 'MaxHealth': 34.0, 'PowerIncreases': 1, 'TechPower': 1.1, 'LightMeleeDamage': 1.58, 'HeavyMeleeDamage': 3.6656}",50,hero_frank_lore,800.0,6.3,4,Victor,0,hero_frank_playstyle,1,0,hero_frank_role,{'BaseHealthRegen': 0.08},1.1,3,4.5000045000045,0.222222,0,0,Brawler,1,"{'WeaponTypes': ['Attribute_EWeaponAttribute_MediumRange', 'Attribute_EWeaponAttribute_Projectile']}",,0.0,,
hero_genericperson,0,0,8.0,0.47,17.0,2.0,0,"{'1': {'Name': None, 'Key': 'genericperson_ability_1'}, '2': {'Name': None, 'Key': 'genericperson_ability_2'}, '3': {'Name': None, 'Key': 'genericperson_ability_3'}, '4': {'Name': None, 'Key': 'genericperson_ability_4'}}",0.0,0.0,4.75,10.0,0.68,14.7,116,1.0,1.0,True,False,False,False,True,"{'MaxHealth': 62.0, 'PowerIncreases': 1, 'TechPower': 1.1, 'LightMeleeDamage': 1.58, 'HeavyMeleeDamage': 3.6656}",50,hero_genericperson_lore,780.0,7.2,4,Generic Person,0,hero_genericperson_playstyle,1,0,hero_genericperson_role,{},1.6,3,4.5000045000045,0.222222,0,0,,1,,,,,
hero_ghost,0,0,8.0,0.51,15.7,1.0,0,"{'1': {'Name': 'Essence Bomb', 'Key': 'ability_blood_bomb'}, '2': {'Name': 'Life Drain', 'Key': 'ability_life_drain'}, '3': {'Name': 'Malice', 'Key': 'ability_blood_shards'}, '4': {'Name': 'Soul Exchange', 'Key': 'ability_health_swap'}}",0.0,0.0,4.75,10.0,0.72,13.9,116,1.0,1.0,False,False,False,False,True,"{'BulletDamage': 1.0, 'MaxHealth': 51.0, 'PowerIncreases': 1, 'TechPower': 1.1, 'LightMeleeDamage': 1.58, 'HeavyMeleeDamage': 3.6656}",50,hero_ghost_lore,880.0,6.3,4,Lady Geist,0,hero_ghost_playstyle,1,0,hero_ghost_role,{},2.4,3,4.5000045000045,0.222222,0,0,Mystic,1,"{'WeaponTypes': ['Attribute_EWeaponAttribute_MediumRange', 'Attribute_EWeaponAttribute_HeavyHitter']}",,,,
hero_gigawatt,0,0,8.0,0.47,17.0,1.0,0,"{'1': {'Name': 'Lightning Ball', 'Key': 'citadel_ability_lightning_ball'}, '2': {'Name': 'Static Charge', 'Key': 'citadel_ability_static_charge'}, '3': {'Name': 'Power Surge', 'Key': 'ability_power_surge'}, '4': {'Name': 'Storm Cloud', 'Key': 'citadel_ability_storm_cloud'}}",0.0,55.0,4.75,10.0,0.68,14.7,116,1.0,1.0,False,False,False,True,True,"{'BulletDamage': 0.24, 'MaxHealth': 41.0, 'PowerIncreases': 1, 'TechPower': 1.1, 'LightMeleeDamage': 1.58, 'HeavyMeleeDamage': 3.6656}",50,hero_gigawatt_lore,730.0,6.7,4,Seven,0,hero_gigawatt_playstyle,1,0,hero_gigawatt_role,{},1.8,3,4.5000045000045,0.222222,0,0,Mystic,1,"{'WeaponTypes': ['Attribute_EWeaponAttribute_BurstFire', 'Attribute_EWeaponAttribute_MediumRange']}",,,,
hero_graf,0,0,8.0,0.47,17.0,2.0,0,"{'1': {'Name': None, 'Key': 'ability_graf_ability01'}, '2': {'Name': None, 'Key': 'ability_graf_ability02'}, '3': {'Name': None, 'Key': 'ability_graf_ability03'}, '4': {'Name': None, 'Key': 'ability_graf_ult'}}",0.0,0.0,4.75,10.0,0.68,14.7,116,1.0,1.0,True,False,True,False,True,"{'BulletDamage': 0.25, 'MaxHealth': 29.0, 'PowerIncreases': 1, 'TechPower': 1.1, 'LightMeleeDamage': 1.58, 'HeavyMeleeDamage': 3.6656}",50,hero_graf_lore,510.0,7.2,4,Graf,0,hero_graf_playstyle,1,0,hero_graf_role,{},1.6,3,4.5000045000045,0.222222,0,0,,1,"{'WeaponTypes': ['Attribute_EWeaponAttribute_BurstFire', 'Attribute_EWeaponAttribute_MediumRange']}",,,,
hero_gunslinger,0,0,8.0,0.47,17.0,2.0,0,"{'1': {'Name': 'Pulse Grenade', 'Key': 'citadel_ability_chrono_pulse_grenade'}, '2': {'Name': None, 'Key': 'gunslinger_knockbackblast'}, '3': {'Name': 'Infernal Brand', 'Key': 'gunslinger_demonMark'}, '4': {'Name': 'Demontrigger Blitz', 'Key': 'ability_gunslinger_salvo'}}",0.0,0.0,4.75,10.0,0.68,14.7,116,1.0,1.0,True,False,True,False,True,"{'BulletDamage': 0.924, 'MaxHealth': 63.0, 'PowerIncreases': 1, 'TechPower': 1.1, 'LightMeleeDamage': 1.58, 'HeavyMeleeDamage': 3.6656}",50,hero_gunslinger_lore,780.0,7.2,4,Gunslinger,0,hero_gunslinger_playstyle,1,0,hero_gunslinger_role,{},1.6,3,4.5000045000045,0.222222,0,0,,1,,,,,
hero_haze,0,0,8.0,0.43,18.6,2.0,0,"{'1': {'Name': 'Sleep Dagger', 'Key': 'ability_sleep_dagger'}, '2': {'Name': 'Smoke Bomb', 'Key': 'ability_smoke_bomb'}, '3': {'Name': 'Fixation', 'Key': 'ability_stacking_damage'}, '4': {'Name': 'Bullet Dance', 'Key': 'ability_bullet_flurry'}}",0.0,0.0,4.75,10.0,0.62,16.1,116,1.0,1.0,False,False,False,True,True,"{'BulletDamage': 0.143, 'MaxHealth': 33.0, 'PowerIncreases': 1, 'TechPower': 0.5, 'LightMeleeDamage': 1.58, 'HeavyMeleeDamage': 3.6656}",50,hero_haze_lore,730.0,8.2,4,Haze,0,hero_haze_playstyle,1,0,hero_haze_role,{'ClipSize': 0.5},1.6,3,4.5000045000045,0.222222,0,0,Assassin,1,"{'WeaponTypes': ['Attribute_EWeaponAttribute_RapidFire', 'Attribute_EWeaponAttribute_CloseRange']}",,,,
hero_hornet,0,0,8.0,0.47,17.0,2.0,0,"{'1': {'Name': 'Stake', 'Key': 'citadel_ability_hornet_chain'}, '2': {'Name': 'Flight', 'Key': 'citadel_ability_hornet_leap'}, '3': {'Name': 'Crow Familiar', 'Key': 'citadel_ability_hornet_sting'}, '4': {'Name': 'Assassinate', 'Key': 'citadel_ability_hornet_snipe'}}",0.0,0.0,4.75,10.0,0.68,14.7,116,1.0,1.0,False,False,False,False,True,"{'BulletDamage': 0.495, 'MaxHealth': 28.0, 'PowerIncreases': 1, 'TechPower': 1.1, 'LightMeleeDamage': 1.58, 'HeavyMeleeDamage': 3.6656}",50,hero_hornet_lore,755.0,7.9,4,Vindicta,0,hero_hornet_playstyle,1,0,hero_hornet_role,{'BulletDamage': 0.022},1.6,2,4.5000045000045,0.222222,0,0,Marksman,1,"{'WeaponTypes': ['Attribute_EWeaponAttribute_RapidFire', 'Attribute_EWeaponAttribute_LongRange']}",,,,
hero_inferno,0,0,8.0,0.47,17.0,2.0,0,"{'1': {'Name': 'Napalm', 'Key': 'ability_incendiary_projectile'}, '2': {'Name': 'Flame Dash', 'Key': 'ability_flame_dash'}, '3': {'Name': 'Afterburn', 'Key': 'ability_afterburn'}, '4': {'Name': 'Concussive Combustion', 'Key': 'ability_fire_bomb'}}",0.0,0.0,4.75,10.0,0.68,14.7,116,1.0,1.0,False,False,False,True,True,"{'BulletDamage': 0.088, 'MaxHealth': 39.0, 'PowerIncreases': 1, 'TechPower': 1.1, 'LightMeleeDamage': 1.58, 'HeavyMeleeDamage': 3.6656}",50,hero_inferno_lore,830.0,6.7,4,Infernus,0,hero_inferno_playstyle,1,0,hero_inferno_role,{},1.6,3,4.5000045000045,0.222222,0,0,Marksman,1,"{'WeaponTypes': ['Attribute_EWeaponAttribute_RapidFire', 'Attribute_EWeaponAttribute_MediumRange']}",,,,
hero_kali,0,0,8.0,0.47,17.0,2.0,0,"{'1': {'Name': 'Occilioblade', 'Key': 'citadel_ability_kali_spinning_blade'}, '2': {'Name': 'Pack Hunter', 'Key': 'citadel_ability_kali_disruptive_charge'}, '3': {'Name': 'Dust Storm', 'Key': 'ability_kali_dust_storm'}, '4': {'Name': ""Trapper's Delight"", 'Key': 'ability_kali_trappers_bolo'}}",0.0,0.0,4.75,10.0,0.68,14.7,116,1.0,1.0,False,False,True,False,True,"{'MaxHealth': 63.0, 'PowerIncreases': 1, 'TechPower': 1.1, 'LightMeleeDamage': 1.58, 'HeavyMeleeDamage': 3.6656}",50,hero_kali_lore,780.0,7.2,4,Kali,0,hero_kali_playstyle,1,0,hero_kali_role,{},1.6,3,4.5000045000045,0.222222,0,0,,1,,,,,
hero_kelvin,0,0,8.0,0.51,15.7,1.0,0,"{'1': {'Name': 'Frost Grenade', 'Key': 'ability_ice_grenade'}, '2': {'Name': 'Ice Path', 'Key': 'ability_icepath'}, '3': {'Name': 'Arctic Beam', 'Key': 'ability_icebeam'}, '4': {'Name': 'Frozen Shelter', 'Key': 'ability_ice_dome'}}",-25.0,0.0,4.75,10.0,0.72,13.9,116,1.0,1.0,False,False,False,False,True,"{'BulletDamage': 0.418, 'MaxHealth': 60.0, 'PowerIncreases': 1, 'TechResist': 0.625, 'TechPower': 1.3, 'LightMeleeDamage': 1.58, 'HeavyMeleeDamage': 3.6656}",50,hero_kelvin_lore,880.0,6.7,4,Kelvin,0,hero_kelvin_playstyle,1,0,hero_kelvin_role,{},1.1,3,5.500247511138001,0.18181,0,0,Brawler,1,"{'WeaponTypes': ['Attribute_EWeaponAttribute_MediumRange', 'Attribute_EWeaponAttribute_HeavyHitter', 'Attribute_EWeaponAttribute_Projectile']}",,,,
hero_krill,0,0,8.0,0.51,15.7,1.0,0,"{'1': {'Name': 'Scorn', 'Key': 'ability_intimidate'}, '2': {'Name': 'Burrow', 'Key': 'ability_burrow'}, '3': {'Name': 'Sand Blast', 'Key': 'ability_throw_sand'}, '4': {'Name': 'Combo', 'Key': 'ability_ult_combo'}}",0.0,20.0,4.75,10.0,0.72,13.9,116,1.0,1.0,False,False,False,False,True,"{'BulletDamage': 0.0847, 'MaxHealth': 65.0, 'PowerIncreases': 1, 'TechPower': 1.1, 'LightMeleeDamage': 1.58, 'HeavyMeleeDamage': 3.6656}",50,hero_krill_lore,930.0,8.0,4,Mo & Krill,0,hero_krill_playstyle,1,0,hero_krill_role,{},1.6,3,4.5000045000045,0.222222,0,0,Brawler,1,"{'WeaponTypes': ['Attribute_EWeaponAttribute_RapidFire', 'Attribute_EWeaponAttribute_Spreadshot']}",,,,
hero_lash,0,0,8.0,0.47,17.0,2.0,0,"{'1': {'Name': 'Ground Strike', 'Key': 'citadel_ability_lash_down_strike'}, '2': {'Name': 'Grapple', 'Key': 'citadel_ability_lash'}, '3': {'Name': 'Flog', 'Key': 'ability_lash_flog'}, '4': {'Name': 'Death Slam', 'Key': 'citadel_ability_lash_ultimate'}}",0.0,0.0,4.75,10.0,0.68,14.7,116,1.0,1.0,False,False,False,False,True,"{'BulletDamage': 0.31, 'MaxHealth': 50.0, 'PowerIncreases': 1, 'TechPower': 1.1, 'LightMeleeDamage': 1.58, 'HeavyMeleeDamage': 3.6656}",50,hero_lash_lore,780.0,7.2,4,Lash,0,hero_lash_playstyle,1,0,hero_lash_role,{},2.1,3,4.5000045000045,0.222222,0,0,Assassin,1,"{'WeaponTypes': ['Attribute_EWeaponAttribute_BurstFire', 'Attribute_EWeaponAttribute_MediumRange']}",,10.0,,
hero_magician,0,0,8.0,0.47,17.0,2.0,0,"{'1': {'Name': 'Vexing Bolt', 'Key': 'ability_magician_magicbolt'}, '2': {'Name': 'Spectral Assistant', 'Key': 'ability_magician_cloneturret'}, '3': {'Name': 'Rabbit Hex', 'Key': 'ability_magician_animalhexarea'}, '4': {'Name': 'Audience Participation', 'Key': 'ability_magician_copyult'}}",0.0,0.0,4.75,10.0,0.68,14.7,116,1.0,1.0,False,False,False,False,True,"{'BulletDamage': 0.55, 'BulletDamageAltFire': 0.55, 'MaxHealth': 38.0, 'PowerIncreases': 1, 'TechPower': 1.3, 'LightMeleeDamage': 1.58, 'HeavyMeleeDamage': 3.6656}",50,hero_magician_lore,730.0,7.2,4,Sinclair,0,hero_magician_playstyle,1,0,hero_magician_role,{'MaxMoveSpeed': 0.0138},1.6,3,4.5000045000045,0.222222,0,0,Mystic,1,"{'WeaponTypes': ['Attribute_EWeaponAttribute_BurstFire', 'Attribute_EWeaponAttribute_LongRange', 'Attribute_EWeaponAttribute_Projectile']}",,,,
hero_mirage,0,0,8.0,0.47,17.0,1.5,0,"{'1': {'Name': 'Fire Scarabs', 'Key': 'mirage_fire_beetles'}, '2': {'Name': 'Dust Devil', 'Key': 'mirage_tornado'}, '3': {'Name': ""Djinn's Mark"", 'Key': 'mirage_sand_phantom'}, '4': {'Name': 'Traveler', 'Key': 'mirage_teleport'}}",0.0,0.0,4.75,10.0,0.68,14.7,116,1.0,1.0,False,False,False,False,True,"{'BulletDamage': 0.3, 'MaxHealth': 45.0, 'PowerIncreases': 1, 'TechPower': 1.1, 'LightMeleeDamage': 1.58, 'HeavyMeleeDamage': 3.6656}",50,hero_mirage_lore,730.0,7.0,4,Mirage,0,hero_mirage_playstyle,1,0,hero_mirage_role,{},1.6,3,4.5000045000045,0.222222,0,0,Assassin,1,"{'WeaponTypes': ['Attribute_EWeaponAttribute_MediumRange', 'Attribute_EWeaponAttribute_HeavyHitter']}",,,,
hero_nano,0,0,8.0,0.43,18.6,2.0,0,"{'1': {'Name': 'Gloom Bombs', 'Key': 'ability_nano_clustergrenade'}, '2': {'Name': 'Leaping Slash', 'Key': 'ability_nano_dash'}, '3': {'Name': 'Ava', 'Key': 'ability_nano_catform'}, '4': {'Name': 'Return to Shadows', 'Key': 'ability_nano_shadow_pulse'}}",0.0,0.0,4.75,10.0,0.62,16.1,116,1.0,1.0,False,False,False,False,True,"{'BulletDamage': 0.043, 'MaxHealth': 37.0, 'PowerIncreases': 1, 'TechPower': 1.1, 'LightMeleeDamage': 1.58, 'HeavyMeleeDamage': 2.9092}",63,hero_nano_lore,730.0,6.8,4,Calico,0,hero_nano_playstyle,1,0,hero_nano_role,{},1.6,3,4.5000045000045,0.222222,0,0,Assassin,1,"{'WeaponTypes': ['Attribute_EWeaponAttribute_Spreadshot', 'Attribute_EWeaponAttribute_CloseRange']}",,,,
hero_necro,0,0,8.0,0.47,17.0,1.0,0,"{'1': {'Name': 'Jar of Dead', 'Key': 'ability_necro_hauntingskull'}, '2': {'Name': 'Grasping Hands', 'Key': 'ability_necro_zombiewall'}, '3': {'Name': 'Essence Theft', 'Key': 'ability_necro_fear'}, '4': {'Name': 'Borrowed Decree', 'Key': 'ability_necro_gravestone'}}",0.0,0.0,4.75,10.0,0.68,14.7,116,1.0,1.0,False,False,False,True,True,"{'BulletDamage': 0.054, 'MaxHealth': 35.0, 'PowerIncreases': 1, 'TechPower': 1.1, 'LightMeleeDamage': 1.58, 'HeavyMeleeDamage': 3.6656}",50,hero_necro_lore,730.0,7.0,4,Graves,0,hero_necro_playstyle,1,0,hero_necro_role,{},2.2,2.0,4.5000045000045,0.222222,0,0,Marksman,1,"{'WeaponTypes': ['Attribute_EWeaponAttribute_BeamWeapon', 'Attribute_EWeaponAttribute_CloseRange']}",,,8.0,
hero_nurse,0,0,8.0,0.47,17.0,2.0,0,{},0.0,0.0,4.75,10.0,0.68,14.7,116,1.0,1.0,False,False,False,False,True,"{'BulletDamage': 0.53176, 'MaxHealth': 30.0, 'PowerIncreases': 1, 'TechPower': 1.1, 'LightMeleeDamage': 1.2, 'HeavyMeleeDamage': 2.784}",50,hero_nurse_lore,780.0,7.2,4,Nurse Harrow,0,hero_nurse_playstyle,1,0,hero_nurse_role,{},1.6,3,4.5000045000045,0.222222,0,0,,1,,,,,
hero_opera,0,0,8.0,0.47,17.0,2.0,0,"{'1': {'Name': None, 'Key': 'ability_opera_ability01'}, '2': {'Name': None, 'Key': 'ability_opera_ability02'}, '3': {'Name': None, 'Key': 'ability_opera_ability03'}, '4': {'Name': None, 'Key': 'ability_opera_ult'}}",0.0,0.0,4.75,10.0,0.68,14.7,116,1.0,1.0,True,False,True,False,True,"{'BulletDamage': 0.07, 'MaxHealth': 66.0, 'PowerIncreases': 1, 'TechPower': 1.1, 'LightMeleeDamage': 1.58, 'HeavyMeleeDamage': 3.6656}",50,hero_opera_lore,780.0,7.2,4,Opera,0,hero_opera_playstyle,1,0,hero_opera_role,{},1.6,3,4.5000045000045,0.222222,0,0,,1,,,,,
hero_operative,0,0,8.0,0.47,17.0,2.0,0,"{'1': {'Name': 'Blindside', 'Key': 'operative_blindside'}, '2': {'Name': 'Umbrella Maneuver', 'Key': 'operative_umbrella_maneuver'}, '3': {'Name': 'Full Auto', 'Key': 'citadel_ability_wraith_rapidfire'}, '4': {'Name': 'Revelation', 'Key': 'operative_revelation'}}",0.0,0.0,4.75,10.0,0.68,14.7,116,1.0,1.0,True,False,True,False,True,"{'BulletDamage': 0.803, 'MaxHealth': 51.0, 'PowerIncreases': 1, 'TechPower': 1.1, 'LightMeleeDamage': 1.58, 'HeavyMeleeDamage': 3.6656}",50,hero_operative_lore,780.0,7.2,4,Raven,0,hero_operative_playstyle,1,0,hero_operative_role,{},1.6,3,4.5000045000045,0.222222,0,0,,1,"{'WeaponTypes': ['Attribute_EWeaponAttribute_RapidFire', 'Attribute_EWeaponAttribute_MediumRange']}",,,,
hero_orion,0,0,8.0,0.43,18.6,1.5,0,"{'1': {'Name': 'Charged Shot', 'Key': 'ability_charged_shot'}, '2': {'Name': 'Rain of Arrows', 'Key': 'ability_power_jump'}, '3': {'Name': 'Spirit Snare', 'Key': 'ability_immobilize_trap'}, '4': {'Name': 'Guided Owl', 'Key': 'ability_guided_arrow'}}",0.0,0.0,4.75,10.0,0.62,16.1,116,1.0,1.0,False,False,False,False,True,"{'BulletDamage': 0.85, 'MaxHealth': 38.0, 'PowerIncreases': 1, 'TechPower': 1.6, 'LightMeleeDamage': 1.58, 'HeavyMeleeDamage': 3.6656}",50,hero_orion_lore,780.0,6.3,4,Grey Talon,0,hero_orion_playstyle,1,0,hero_orion_role,"{'MaxMoveSpeed': 0.0084, 'BulletDamage': 0.08}",1.6,4,4.5000045000045,0.222222,0,0,Marksman,1,"{'WeaponTypes': ['Attribute_EWeaponAttribute_MediumRange', 'Attribute_EWeaponAttribute_HeavyHitter', 'Attribute_EWeaponAttribute_Projectile']}",,,,
hero_priest,0,0,8.0,0.51,15.7,2.0,0,"{'1': {'Name': 'Consecrating Grenade', 'Key': 'ability_priest_flashbang'}, '2': {'Name': 'Gutshot', 'Key': 'ability_priest_knockback'}, '3': {'Name': 'Hex-Lined Snap Trap', 'Key': 'ability_priest_beartrap'}, '4': {'Name': 'Ira Domini', 'Key': 'ability_priest_weaponswap'}}",0.0,0.0,4.75,10.0,0.72,13.9,125.0,1.0,1.0,False,False,False,True,True,"{'BulletDamage': 0.27, 'MaxHealth': 43.0, 'PowerIncreases': 1, 'TechPower': 1.1, 'LightMeleeDamage': 1.7, 'HeavyMeleeDamage': 4.25}",50,hero_priest_lore,820.0,6.4,4,Venator,0,hero_priest_playstyle,1,0,hero_priest_role,"{'TechResist': 0.12178, 'BulletResist': 0.12178}",1.0,3,4.5000045000045,0.222222,0,0,Marksman,1,"{'WeaponTypes': ['Attribute_EWeaponAttribute_RapidFire', 'Attribute_EWeaponAttribute_MediumRange']}",,,,
hero_punkgoat,0,0,8.0,0.47,17.0,2.0,0,"{'1': {'Name': 'Bashdown', 'Key': 'ability_punkgoat_ult'}, '2': {'Name': 'Rising Ram', 'Key': 'ability_punkgoat_goatflip'}, '3': {'Name': 'Blasted', 'Key': 'ability_punkgoat_blasted'}, '4': {'Name': 'Chain Gang', 'Key': 'ability_punkgoat_tether'}}",-20.0,0.0,4.75,10.0,0.68,14.7,116,1.0,1.0,False,False,False,False,True,"{'BulletDamage': 0.127, 'MaxHealth': 53.0, 'PowerIncreases': 1, 'TechPower': 1.1, 'LightMeleeDamage': 1.58, 'HeavyMeleeDamage': 3.6656}",50,hero_punkgoat_lore,820.0,7.0,4,Billy,0,hero_punkgoat_playstyle,1,0,hero_punkgoat_role,{},1.6,3,4.5000045000045,0.222222,0,0,Brawler,1,{'WeaponTypes': ['Attribute_EWeaponAttribute_CloseRange']},,,,
hero_ratking,0,0,8.0,0.47,17.0,2.0,0,{},0.0,0.0,4.75,10.0,0.68,14.7,116,1.0,1.0,False,False,False,False,True,"{'BulletDamage': 0.15, 'MaxHealth': 44.0, 'PowerIncreases': 1, 'TechPower': 1.1, 'LightMeleeDamage': 1.58, 'HeavyMeleeDamage': 3.6656}",50,hero_ratking_lore,780.0,7.2,4,Rat King,0,hero_ratking_playstyle,1,0,hero_ratking_role,{},1.6,3,4.5000045000045,0.222222,0,0,,1,,,,,
hero_rutger,0,0,8.0,0.47,17.0,2.0,0,"{'1': {'Name': 'Rocket Launcher', 'Key': 'rutger_rocket'}, '2': {'Name': 'Force Field', 'Key': 'rutger_force_field'}, '3': {'Name': 'Cheat Death', 'Key': 'rutger_cheat_death'}, '4': {'Name': 'Pulse', 'Key': 'rutger_pulse'}}",0.0,0.0,4.75,10.0,0.68,14.7,116,1.0,1.0,True,False,True,False,True,"{'MaxHealth': 63.0, 'PowerIncreases': 1, 'TechPower': 1.1, 'LightMeleeDamage': 1.58, 'HeavyMeleeDamage': 3.6656}",50,hero_rutger_lore,780.0,7.2,4,Rutger,0,hero_rutger_playstyle,1,0,hero_rutger_role,{},1.6,3,4.5000045000045,0.222222,0,0,,1,,,,,
hero_shieldguy,0,0,8.0,0.47,17.0,2.0,0,"{'1': {'Name': None, 'Key': 'ability_shieldguy_ability01'}, '2': {'Name': None, 'Key': 'ability_shieldguy_ability02'}, '3': {'Name': None, 'Key': 'ability_shieldguy_ability03'}, '4': {'Name': None, 'Key': 'ability_shieldguy_ult'}}",0.0,0.0,4.75,10.0,0.68,14.7,116,1.0,1.0,True,False,True,False,True,"{'BulletDamage': 0.077, 'MaxHealth': 63.0, 'PowerIncreases': 1, 'TechPower': 1.1, 'LightMeleeDamage': 1.58, 'HeavyMeleeDamage': 3.6656}",50,hero_shieldguy_lore,780.0,7.2,4,Shield Guy,0,hero_shieldguy_playstyle,1,0,hero_shieldguy_role,{},1.6,3,4.5000045000045,0.222222,0,0,,1,,,,,
hero_shiv,0,0,8.0,0.51,15.7,2.0,0,"{'1': {'Name': 'Serrated Knives', 'Key': 'citadel_ability_shiv_dagger'}, '2': {'Name': 'Slice and Dice', 'Key': 'citadel_ability_shiv_dash'}, '3': {'Name': 'Bloodletting', 'Key': 'citadel_ability_shiv_defer_damage'}, '4': {'Name': 'Killing Blow', 'Key': 'citadel_ability_shiv_killing_blow'}}",0.0,0.0,4.75,10.0,0.72,13.9,116,1.0,1.0,False,False,False,False,True,"{'BulletDamage': 0.165, 'BulletDamageAltFire': 0.24, 'MaxHealth': 46.0, 'PowerIncreases': 1, 'TechPower': 1.1, 'LightMeleeDamage': 1.58, 'HeavyMeleeDamage': 3.6656}",50,hero_shiv_lore,830.0,6.5,4,Shiv,0,hero_shiv_playstyle,1,0,hero_shiv_role,{},1.6,3,5.999988000024,0.166667,0,0,Brawler,1,"{'WeaponTypes': ['Attribute_EWeaponAttribute_Spreadshot', 'Attribute_EWeaponAttribute_CloseRange']}",,,,
hero_skyrunner,0,0,8.0,0.47,17.0,2.0,0,"{'1': {'Name': 'Lifethread', 'Key': 'ability_skyrunner_swingline'}, '2': {'Name': None, 'Key': 'ability_skyrunner_magic_beam'}, '3': {'Name': 'Flakshot', 'Key': 'ability_skyrunner_flakshot'}, '4': {'Name': 'Demontrigger Blitz', 'Key': 'ability_gunslinger_salvo'}}",0.0,0.0,4.75,10.0,0.68,14.7,116,1.0,1.0,True,False,True,False,True,"{'BulletDamage': 0.44, 'MaxHealth': 51.0, 'PowerIncreases': 1, 'TechPower': 1.1, 'LightMeleeDamage': 1.58, 'HeavyMeleeDamage': 3.6656}",50,hero_skyrunner_lore,780.0,7.2,4,Skyrunner,0,hero_skyrunner_playstyle,1,0,hero_skyrunner_role,{},2.5,3,4.5000045000045,0.222222,0,0,,1,"{'WeaponTypes': ['Attribute_EWeaponAttribute_BurstFire', 'Attribute_EWeaponAttribute_MediumRange']}",,10.0,,
hero_slork,0,0,8.0,0.47,17.0,2.0,0,"{'1': {'Name': 'Scalding Spray', 'Key': 'fathom_scalding_spray'}, '2': {'Name': 'Breach', 'Key': 'fathom_breach'}, '3': {'Name': 'Reefdweller Harpoon', 'Key': 'fathom_reefdweller_harpoon'}, '4': {'Name': ""Lurker's Ambush"", 'Key': 'fathom_lurkers_ambush'}}",0.0,0.0,4.75,10.0,0.68,14.7,116,1.0,1.0,True,False,True,False,True,"{'BulletDamage': 0.22, 'MaxHealth': 54.0, 'PowerIncreases': 1, 'TechPower': 1.1, 'LightMeleeDamage': 1.58, 'HeavyMeleeDamage': 3.6656}",50,hero_slork_lore,780.0,7.2,4,Fathom,0,hero_slork_playstyle,1,0,hero_slork_role,{},1.6,3,4.5000045000045,0.222222,0,0,,1,"{'WeaponTypes': ['Attribute_EWeaponAttribute_Spreadshot', 'Attribute_EWeaponAttribute_CloseRange']}",,,,
hero_swan,0,0,8.0,0.47,17.0,2.0,0,"{'1': {'Name': None, 'Key': 'ability_swan_featherboomerang'}, '2': {'Name': 'Jeté', 'Key': 'ability_swan_leap'}, '3': {'Name': 'Acrobat', 'Key': 'ability_swan_acrobat'}, '4': {'Name': None, 'Key': 'ability_swan_ult'}}",0.0,0.0,4.75,10.0,0.68,14.7,116,1.0,1.0,True,False,True,False,True,"{'BulletDamage': 0.275, 'MaxHealth': 61.0, 'PowerIncreases': 1, 'TechPower': 1.1, 'LightMeleeDamage': 1.58, 'HeavyMeleeDamage': 3.6656}",50,hero_swan_lore,780.0,6.8,4,Swan,0,hero_swan_playstyle,1,0,hero_swan_role,{},1.6,3,4.5000045000045,0.222222,0,0,,1,"{'WeaponTypes': ['Attribute_EWeaponAttribute_BurstFire', 'Attribute_EWeaponAttribute_MediumRange']}",,,,
hero_synth,0,0,8.0,0.47,17.0,1.0,0,"{'1': {'Name': 'Barrage', 'Key': 'synth_barrage'}, '2': {'Name': 'Flying Cloak', 'Key': 'synth_plasma_flux'}, '3': {'Name': ""Enchanter's Satchel"", 'Key': 'synth_pulse'}, '4': {'Name': 'Affliction', 'Key': 'synth_affliction'}}",0.0,0.0,4.75,10.0,0.68,14.7,116,1.0,1.0,False,False,False,False,True,"{'BulletDamage': 0.14, 'MaxHealth': 36.0, 'PowerIncreases': 1, 'TechPower': 1.1, 'LightMeleeDamage': 1.58, 'HeavyMeleeDamage': 3.0547}",60,hero_synth_lore,780.0,7.2,4,Pocket,0,hero_synth_playstyle,1,0,hero_synth_role,{},1.6,3,4.5000045000045,0.222222,0,0,Assassin,1,"{'WeaponTypes': ['Attribute_EWeaponAttribute_Spreadshot', 'Attribute_EWeaponAttribute_CloseRange']}",,-15.0,,
hero_targetdummy,0,0,8.0,0.47,17.0,0.0,0,"{'1': {'Name': None, 'Key': 'targetdummy_ability_1'}, '2': {'Name': None, 'Key': 'targetdummy_ability_2'}, '3': {'Name': None, 'Key': 'targetdummy_ability_3'}, '4': {'Name': None, 'Key': 'targetdummy_ability_4'}}",0.0,0.0,4.75,10.0,0.68,14.7,116,1.0,1.0,False,False,False,False,True,"{'BulletDamage': 0.22, 'MaxHealth': 54.0, 'PowerIncreases': 1, 'TechPower': 1.1, 'LightMeleeDamage': 1.58, 'HeavyMeleeDamage': 3.6656}",50,hero_targetdummy_lore,2990.0,7.2,4,TargetDummy,0,hero_targetdummy_playstyle,1,0,hero_targetdummy_role,{},1.6,3,4.5000045000045,0.222222,0,0,,1,,,,,
hero_tengu,0,0,8.0,0.43,18.6,2.0,0,"{'1': {'Name': 'Entangling Thorns', 'Key': 'citadel_ability_tengu_urn'}, '2': {'Name': 'Kudzu Connection', 'Key': 'citadel_ability_tangotether'}, '3': {'Name': 'Stone Form', 'Key': 'citadel_ability_tengu_stone_form'}, '4': {'Name': 'Air Drop', 'Key': 'citadel_ability_tengu_airlift'}}",0.0,0.0,4.75,10.0,0.62,16.1,116,1.0,1.0,False,False,False,False,True,"{'BulletDamage': 0.08, 'MaxHealth': 45.0, 'PowerIncreases': 1, 'TechPower': 1.2, 'LightMeleeDamage': 1.58, 'HeavyMeleeDamage': 3.6656}",50,hero_tengu_lore,755.0,7.2,4,Ivy,0,hero_tengu_playstyle,1,0,hero_tengu_role,{},1.6,4,4.5000045000045,0.222222,0,0,Marksman,1,"{'WeaponTypes': ['Attribute_EWeaponAttribute_RapidFire', 'Attribute_EWeaponAttribute_MediumRange']}",,,,
hero_testhero,0,0,8.0,0.43,18.6,2.0,0,{},0.0,0.0,4.75,10.0,0.62,16.1,116,1.0,1.0,True,False,True,False,True,"{'BulletDamage': 0.043, 'MaxHealth': 40.0, 'PowerIncreases': 1, 'TechPower': 1.1, 'LightMeleeDamage': 1.58, 'HeavyMeleeDamage': 2.9092}",63,hero_testhero_lore,730.0,6.8,4,,0,hero_testhero_playstyle,1,0,hero_testhero_role,{},1.6,3,4.5000045000045,0.222222,0,0,Assassin,1,"{'WeaponTypes': ['Attribute_EWeaponAttribute_Spreadshot', 'Attribute_EWeaponAttribute_CloseRange']}",,,,
hero_thumper,0,0,8.0,0.47,17.0,2.0,0,"{'1': {'Name': None, 'Key': 'thumper_ability_1'}, '2': {'Name': None, 'Key': 'thumper_ability_2'}, '3': {'Name': None, 'Key': 'thumper_ability_3'}, '4': {'Name': None, 'Key': 'thumper_ability_4'}}",0.0,0.0,4.75,10.0,0.68,14.7,116,1.0,1.0,True,False,True,False,True,"{'MaxHealth': 63.0, 'PowerIncreases': 1, 'TechPower': 1.1, 'LightMeleeDamage': 1.58, 'HeavyMeleeDamage': 3.6656}",50,hero_thumper_lore,780.0,7.2,4,Thumper,0,hero_thumper_playstyle,1,0,hero_thumper_role,{},1.6,3,4.5000045000045,0.222222,0,0,,1,,,,,
hero_trapper,0,0,8.0,0.47,17.0,2.0,0,"{'1': {'Name': 'Bottled Phantasmicide', 'Key': 'ability_trapper_poisonjar'}, '2': {'Name': 'Silktrap', 'Key': 'ability_trapper_webwall'}, '3': {'Name': 'Pest Barrier', 'Key': 'ability_trapper_spidershield'}, '4': {'Name': 'Crawling Plague', 'Key': 'ability_trapper_spiderwave'}}",0.0,0.0,4.75,10.0,0.68,14.7,116,1.0,1.0,True,False,True,False,True,"{'BulletDamage': 0.22, 'MaxHealth': 67.0, 'PowerIncreases': 1, 'TechPower': 1.1, 'LightMeleeDamage': 1.58, 'HeavyMeleeDamage': 3.6656}",50,hero_trapper_lore,780.0,7.2,4,Trapper,0,hero_trapper_playstyle,1,0,hero_trapper_role,{},1.6,3,4.5000045000045,0.222222,0,0,,1,"{'WeaponTypes': ['Attribute_EWeaponAttribute_MediumRange', 'Attribute_EWeaponAttribute_Projectile']}",,-15.0,,
hero_unicorn,0,0,8.0,0.43,18.6,1,0,"{'1': {'Name': 'Light Eater', 'Key': 'ability_unicorn_radiantblast'}, '2': {'Name': 'Dazzling Trick', 'Key': 'ability_unicorn_prismaticguard'}, '3': {'Name': 'Radiant Daggers', 'Key': 'ability_unicorn_luminousstrike'}, '4': {'Name': 'Shining Wonder', 'Key': 'ability_unicorn_dazzlingorb'}}",-25.0,0.0,4.75,10.0,0.62,16.1,116,1.0,1.0,False,False,False,False,True,"{'BulletDamage': 0.82, 'MaxHealth': 33.0, 'PowerIncreases': 1, 'TechPower': 1.1, 'LightMeleeDamage': 1.58, 'HeavyMeleeDamage': 3.6656}",50,hero_unicorn_lore,690.0,6.2,4,Celeste,0,hero_unicorn_playstyle,1,0,hero_unicorn_role,{},1.6,4,5.300259712725923,0.18867,0,0,Marksman,1,"{'WeaponTypes': ['Attribute_EWeaponAttribute_MediumRange', 'Attribute_EWeaponAttribute_Projectile', 'Attribute_EWeaponAttribute_Bouncy']}",,,,
hero_vampirebat,0,0,8.0,0.43,18.6,2.0,0,"{'1': {'Name': 'Rake', 'Key': 'ability_vampirebat_steallife'}, '2': {'Name': 'Sanguine Retreat', 'Key': 'ability_vampirebat_batblink'}, '3': {'Name': 'Love Bites', 'Key': 'ability_vampirebat_lovebites'}, '4': {'Name': 'Nox Nostra', 'Key': 'ability_vampirebat_batswarm'}}",0.0,0.0,4.75,10.0,0.62,16.1,116,1.0,1.0,False,False,False,True,True,"{'BulletDamage': 0.275, 'MaxHealth': 27.0, 'PowerIncreases': 1, 'TechPower': 1.1, 'LightMeleeDamage': 1.58, 'HeavyMeleeDamage': 3.6656}",50,hero_vampirebat_lore,660.0,6.5,4,Mina,0,hero_vampirebat_playstyle,1,0,hero_vampirebat_role,{},1.6,2.0,4.2000042000042,0.238095,0,0,Marksman,1,"{'WeaponTypes': ['Attribute_EWeaponAttribute_BurstFire', 'Attribute_EWeaponAttribute_MediumRange']}",,,,-8
hero_vandal,0,0,8.0,0.47,17.0,2.0,0,"{'1': {'Name': None, 'Key': 'citadel_ability_vandal_surge'}, '2': {'Name': None, 'Key': 'ability_vandal_pillar'}, '3': {'Name': None, 'Key': 'ability_haunt'}, '4': {'Name': None, 'Key': 'citadel_ability_vandal_overflow'}}",0.0,0.0,4.75,10.0,0.68,14.7,116,1.0,1.0,True,False,True,False,True,"{'BulletDamage': 0.242, 'MaxHealth': 53.0, 'PowerIncreases': 1, 'TechPower': 1.1, 'LightMeleeDamage': 1.58, 'HeavyMeleeDamage': 3.6656}",50,hero_vandal_lore,780.0,7.2,4,Vandal,0,hero_vandal_playstyle,1,0,hero_vandal_role,{},1.6,4,4.5000045000045,0.222222,0,0,,1,"{'WeaponTypes': ['Attribute_EWeaponAttribute_RapidFire', 'Attribute_EWeaponAttribute_MediumRange']}",,,,
hero_viper,0,0,8.0,0.47,17.0,2.0,0,"{'1': {'Name': 'Screwjab Dagger', 'Key': 'ability_viper_debuffdagger'}, '2': {'Name': 'Lethal Venom', 'Key': 'ability_viper_venom'}, '3': {'Name': 'Slither', 'Key': 'ability_viper_snakedash'}, '4': {'Name': 'Petrifying Bola', 'Key': 'ability_viper_petrifybola'}}",-30.0,0.0,4.75,10.0,0.68,14.7,116,1.0,1.0,False,False,False,False,True,"{'BulletDamage': 0.178, 'MaxHealth': 35.0, 'PowerIncreases': 1, 'TechPower': 1.1, 'LightMeleeDamage': 1.58, 'HeavyMeleeDamage': 3.6656}",50,hero_viper_lore,780.0,6.9,4,Vyper,0,hero_viper_playstyle,1,0,hero_viper_role,{'MaxMoveSpeed': 0.0138},1.6,4,4.5000045000045,0.222222,0,0,Assassin,1,"{'WeaponTypes': ['Attribute_EWeaponAttribute_RapidFire', 'Attribute_EWeaponAttribute_CloseRange']}",,,,
hero_viscous,0,0,8.0,0.47,17.0,2.0,0,"{'1': {'Name': 'Splatter', 'Key': 'viscous_goo_grenade'}, '2': {'Name': 'The Cube', 'Key': 'viscous_restorative_goo'}, '3': {'Name': 'Puddle Punch', 'Key': 'viscous_telepunch'}, '4': {'Name': 'Goo Ball', 'Key': 'viscous_goo_bowling_ball'}}",0.0,0.0,4.75,10.0,0.68,14.7,116,1.0,1.0,False,False,False,False,True,"{'BulletDamage': 0.36, 'BulletDamageAltFire': 1.44, 'MaxHealth': 45.0, 'PowerIncreases': 1, 'TechPower': 1.3, 'LightMeleeDamage': 1.58, 'HeavyMeleeDamage': 2.9092}",63,hero_viscous_lore,780.0,7.2,4,Viscous,0,hero_viscous_playstyle,1,0,hero_viscous_role,{},1.6,3,4.5000045000045,0.222222,0,0,Mystic,1,"{'WeaponTypes': ['Attribute_EWeaponAttribute_MediumRange', 'Attribute_EWeaponAttribute_Projectile']}",,,,
hero_warden,0,0,8.0,0.47,17.0,2.0,0,"{'1': {'Name': 'Alchemical Flask', 'Key': 'ability_warden_crowd_control'}, '2': {'Name': 'Willpower', 'Key': 'ability_warden_high_alert'}, '3': {'Name': 'Binding Word', 'Key': 'ability_warden_lock_down'}, '4': {'Name': 'Last Stand', 'Key': 'ability_warden_riot_protocol'}}",0.0,0.0,4.75,10.0,0.68,14.7,116,1.0,1.0,False,False,False,False,True,"{'BulletDamage': 0.25, 'MaxHealth': 60.0, 'PowerIncreases': 1, 'TechPower': 1.1, 'LightMeleeDamage': 1.58, 'HeavyMeleeDamage': 3.6656}",50,hero_warden_lore,805.0,6.3,4,Warden,0,hero_warden_playstyle,1,0,hero_warden_role,"{'RoundsPerSecond': 0.008, 'FireRate': 0.21}",1.6,3,4.5000045000045,0.222222,0,0,Brawler,1,"{'WeaponTypes': ['Attribute_EWeaponAttribute_MediumRange', 'Attribute_EWeaponAttribute_Projectile']}",,,,
hero_werewolf,0,0,8.0,0.47,17.0,2.5,0,"{'1': {'Name': 'Slam Fire', 'Key': 'ability_werewolf_unloadgun'}, '2': {'Name': 'Boot Kick', 'Key': 'ability_werewolf_kickflip'}, '3': {'Name': 'Entangling Bola', 'Key': 'ability_werewolf_netshot'}, '4': {'Name': 'Lycan Curse', 'Key': 'ability_werewolf_transformation'}}",0.0,0.0,4.75,10.0,0.68,14.7,116,1.0,1.0,False,False,False,False,True,"{'BulletDamage': 0.117, 'BulletDamageAltFire': 0.7735, 'MaxHealth': 31.0, 'PowerIncreases': 1, 'TechPower': 1.1, 'LightMeleeDamage': 1.58, 'HeavyMeleeDamage': 3.6656}",50,hero_werewolf_lore,830.0,6.7,4,Silver,0,hero_werewolf_playstyle,1,0,hero_werewolf_role,{},2.5,2,4.5000045000045,0.222222,0,0,Marksman,1,"{'WeaponTypes': ['Attribute_EWeaponAttribute_Spreadshot', 'Attribute_EWeaponAttribute_MediumRange']}",,,,
hero_werewolf_transformed,0,0,8.0,0.47,17.0,2.5,0,"{'1': {'Name': 'Go For The Throat', 'Key': 'ability_werewolf_frenzy'}, '2': {'Name': 'Mauling Leap', 'Key': 'ability_werewolf_maulingleap'}, '3': {'Name': 'Tail Whack', 'Key': 'ability_werewolf_cripplingslash'}, '4': {'Name': 'Lycan Curse', 'Key': 'ability_werewolf_transformation'}}",0.0,0.0,4.75,10.0,0.68,14.7,116,1.0,1.0,False,False,False,False,True,"{'BulletDamage': 0.7735, 'MaxHealth': 31.0, 'PowerIncreases': 1, 'TechPower': 1.1, 'LightMeleeDamage': 1.58, 'HeavyMeleeDamage': 3.6656}",50,hero_werewolf_transformed_lore,830.0,6.7,4,Silver (Transformed),0,hero_werewolf_transformed_playstyle,1,0,hero_werewolf_transformed_role,{},2.5,2,4.5000045000045,0.222222,0,0,Marksman,1,"{'WeaponTypes': ['Attribute_EWeaponAttribute_Spreadshot', 'Attribute_EWeaponAttribute_MediumRange']}",,,,
hero_wraith,0,0,8.0,0.47,17.0,2.0,0,"{'1': {'Name': 'Card Trick', 'Key': 'citadel_ability_card_toss'}, '2': {'Name': 'Project Mind', 'Key': 'citadel_ability_projectmind'}, '3': {'Name': 'Full Auto', 'Key': 'citadel_ability_wraith_rapidfire'}, '4': {'Name': 'Telekinesis', 'Key': 'citadel_ability_psychic_lift'}}",0.0,0.0,4.75,10.0,0.68,14.7,116,1.0,1.0,False,False,False,False,True,"{'BulletDamage': 0.14, 'MaxHealth': 35.0, 'PowerIncreases': 1, 'TechPower': 1.1, 'LightMeleeDamage': 1.58, 'HeavyMeleeDamage': 3.6656}",50,hero_wraith_lore,730.0,7.2,4,Wraith,0,hero_wraith_playstyle,1,0,hero_wraith_role,{'SprintSpeed': 0.05},1.6,3,4.5000045000045,0.222222,0,0,Marksman,1,"{'WeaponTypes': ['Attribute_EWeaponAttribute_RapidFire', 'Attribute_EWeaponAttribute_MediumRange']}",,,,
hero_wrecker,0,0,8.0,0.47,17.0,2.0,0,"{'1': {'Name': 'Wrecking Ball', 'Key': 'citadel_ability_wrecker_bouldergrenade'}, '2': {'Name': 'Consume', 'Key': 'ability_wrecker_salvage'}, '3': {'Name': 'Bio Blast', 'Key': 'ability_scrap_blast'}, '4': {'Name': 'Overload', 'Key': 'citadel_ability_wrecker_garbage_suck'}}",0.0,0.0,4.75,10.0,0.68,14.7,116,1.0,1.0,True,False,True,False,True,"{'BulletDamage': 0.77, 'MaxHealth': 63.0, 'PowerIncreases': 1, 'TechPower': 1.1, 'LightMeleeDamage': 1.58, 'HeavyMeleeDamage': 3.6656}",50,hero_wrecker_lore,780.0,7.2,4,Wrecker,0,hero_wrecker_playstyle,1,0,hero_wrecker_role,{},1.6,3,4.5000045000045,0.222222,0,0,,1,{'WeaponTypes': ['Attribute_EWeaponAttribute_MediumRange']},,,,
hero_yakuza,0,0,8.0,0.47,17.0,2.0,0,"{'1': {'Name': 'Shakedown', 'Key': 'yakuza_shakedown_target'}, '2': {'Name': 'Hired Muscle', 'Key': 'yakuza_kobun'}, '3': {'Name': 'Protection Racket', 'Key': 'yakuza_protection_racket'}, '4': {'Name': 'Setting Sun', 'Key': 'yakuza_setting_sun'}}",0.0,0.0,4.75,10.0,0.68,14.7,116,1.0,1.0,True,False,True,False,True,"{'MaxHealth': 63.0, 'PowerIncreases': 1, 'TechPower': 1.1, 'LightMeleeDamage': 1.58, 'HeavyMeleeDamage': 3.6656}",50,hero_yakuza_lore,780.0,7.2,4,The Boss,0,hero_yakuza_playstyle,1,0,hero_yakuza_role,{},1.6,3,4.5000045000045,0.222222,0,0,,1,,,,,
hero_yamato,0,0,8.0,0.47,17.0,1.0,0,"{'1': {'Name': 'Power Slash', 'Key': 'citadel_ability_power_slash'}, '2': {'Name': 'Flying Slash', 'Key': 'citadel_ability_flying_strike'}, '3': {'Name': 'Crimson Slash', 'Key': 'citadel_ability_healing_slash'}, '4': {'Name': 'Shadow Transformation', 'Key': 'citadel_ability_infinity_slash'}}",0.0,0.0,4.75,10.0,0.68,14.7,128,1.0,1.0,False,False,False,False,True,"{'BulletDamage': 0.154, 'BulletDamageAltFire': 0.7, 'MaxHealth': 45.0, 'PowerIncreases': 1, 'TechPower': 1.1, 'LightMeleeDamage': 1.58, 'HeavyMeleeDamage': 3.6771}",55,hero_yamato_lore,730.0,8.2,4,Yamato,0,hero_yamato_playstyle,1,0,hero_yamato_role,{'ClipSize': 0.15},1.6,3,4.5000045000045,0.222222,0,0,Assassin,1,"{'WeaponTypes': ['Attribute_EWeaponAttribute_Spreadshot', 'Attribute_EWeaponAttribute_CloseRange']}",,,,
